ticket_id,symbol,output_date,historical_score,recomputed_score,score_delta,historical_rank,recomputed_rank,T1,T3,T5,T10,DB_result,Obsidian_result,match_status,version_bucket
334,AAPL,2026-05-26,0.861289,,,1,,,,,,,,future_data_detected,UNKNOWN_VERSION
335,NVDA,2026-05-26,0.846174,0.3643016079,-0.4818723921,2,1,,,,,,,future_data_detected,UNKNOWN_VERSION
336,GOOGL,2026-05-26,0.628977,0.3090842089,-0.3198927911,3,2,,,,,,,future_data_detected,UNKNOWN_VERSION
337,AAPL,2026-05-27,0.861289,,,1,,,,,,,,future_data_detected,UNKNOWN_VERSION
338,NVDA,2026-05-27,0.846174,0.3777065822,-0.4684674178,2,1,,,,,,,future_data_detected,UNKNOWN_VERSION
339,GOOGL,2026-05-27,0.628977,,,3,,,,,,,,future_data_detected,UNKNOWN_VERSION
340,AAPL,2026-05-28,0.861289,,,1,,,,,,,,future_data_detected,UNKNOWN_VERSION
341,NVDA,2026-05-28,0.846174,0.3783660599,-0.4678079401,2,1,,,,,,,future_data_detected,UNKNOWN_VERSION
342,GOOGL,2026-05-28,0.628977,,,3,,,,,,,,future_data_detected,UNKNOWN_VERSION
343,AAPL,2026-05-29,0.861289,0.3555426404,-0.5057463596,1,2,,,,,,,future_data_detected,UNKNOWN_VERSION
344,NVDA,2026-05-29,0.846174,0.3588212483,-0.4873527517,2,1,,,,,,,future_data_detected,UNKNOWN_VERSION
345,GOOGL,2026-05-29,0.628977,,,3,,,,,,,,future_data_detected,UNKNOWN_VERSION
346,AAPL,2026-06-01,0.861289,0.3779914589,-0.4832975411,1,2,,,,,,,future_data_detected,UNKNOWN_VERSION
347,NVDA,2026-06-01,0.846174,0.404175024,-0.441998976,2,1,,,,,,,future_data_detected,UNKNOWN_VERSION
348,GOOGL,2026-06-01,0.628977,,,3,,,,,,,,future_data_detected,UNKNOWN_VERSION
349,AAPL,2026-06-02,0.861289,0.4107321267,-0.4505568733,1,1,,,,,,,future_data_detected,UNKNOWN_VERSION
350,NVDA,2026-06-02,0.846174,0.3753023356,-0.4708716644,2,2,,,,,,,future_data_detected,UNKNOWN_VERSION
351,GOOGL,2026-06-02,0.628977,,,3,,,,,,,,future_data_detected,UNKNOWN_VERSION
352,AAPL,2026-06-03,0.861289,0.3795113818,-0.4817776182,1,1,,,,,,,future_data_detected,UNKNOWN_VERSION
353,NVDA,2026-06-03,0.846174,0.3306940908,-0.5154799092,2,2,,,,,,,future_data_detected,UNKNOWN_VERSION
354,GOOGL,2026-06-03,0.628977,,,3,,,,,,,,future_data_detected,UNKNOWN_VERSION
355,AAPL,2026-06-04,0.861289,0.3679321267,-0.4933568733,1,1,,,,,,,future_data_detected,UNKNOWN_VERSION
356,NVDA,2026-06-04,0.846174,0.3387594418,-0.5074145582,2,2,,,,,,,future_data_detected,UNKNOWN_VERSION
357,GOOGL,2026-06-04,0.628977,,,3,,,,,,,,future_data_detected,UNKNOWN_VERSION
358,AAPL,2026-06-05,0.861289,0.3527527688,-0.5085362312,1,1,,,,,,,future_data_detected,UNKNOWN_VERSION
359,NVDA,2026-06-05,0.846174,,,2,,,,,,,,future_data_detected,UNKNOWN_VERSION
360,GOOGL,2026-06-05,0.628977,,,3,,,,,,,,future_data_detected,UNKNOWN_VERSION
361,AAPL,2026-06-08,0.861289,0.351644387,-0.509644613,1,1,,,,,,,future_data_detected,UNKNOWN_VERSION
362,NVDA,2026-06-08,0.846174,,,2,,,,,,,,future_data_detected,UNKNOWN_VERSION
363,GOOGL,2026-06-08,0.628977,,,3,,,,,,,,future_data_detected,UNKNOWN_VERSION
364,AAPL,2026-06-09,0.861289,,,1,,,,,,,,future_data_detected,UNKNOWN_VERSION
365,NVDA,2026-06-09,0.846174,,,2,,,,,,,,future_data_detected,UNKNOWN_VERSION
366,GOOGL,2026-06-09,0.628977,,,3,,,,,,,,future_data_detected,UNKNOWN_VERSION
367,AAPL,2026-06-10,0.861289,,,1,,,,,,,,future_data_detected,UNKNOWN_VERSION
368,NVDA,2026-06-10,0.846174,,,2,,,,,,,,future_data_detected,UNKNOWN_VERSION
369,GOOGL,2026-06-10,0.628977,,,3,,,,,,,,future_data_detected,UNKNOWN_VERSION
370,AAPL,2026-06-11,0.861289,,,1,,,,,,,,future_data_detected,UNKNOWN_VERSION
371,NVDA,2026-06-11,0.846174,,,2,,,,,,,,future_data_detected,UNKNOWN_VERSION
372,GOOGL,2026-06-11,0.628977,,,3,,,,,,,,future_data_detected,UNKNOWN_VERSION
373,AAPL,2026-06-12,0.861289,,,1,,,,,,,,future_data_detected,UNKNOWN_VERSION
374,NVDA,2026-06-12,0.846174,,,2,,,,,,,,future_data_detected,UNKNOWN_VERSION
375,GOOGL,2026-06-12,0.628977,,,3,,,,,,,,future_data_detected,UNKNOWN_VERSION
265,AAPL,2026-06-15,0.861289,,,1,,,,,,,,future_data_detected,UNKNOWN_VERSION
376,AAPL,2026-06-15,0.861289,,,1,,,,,,,,future_data_detected,UNKNOWN_VERSION
266,NVDA,2026-06-15,0.846174,,,2,,,,,,,,future_data_detected,UNKNOWN_VERSION
377,NVDA,2026-06-15,0.846174,,,2,,,,,,,,future_data_detected,UNKNOWN_VERSION
267,GOOGL,2026-06-15,0.628977,,,3,,,,,,,,future_data_detected,UNKNOWN_VERSION
378,GOOGL,2026-06-15,0.628977,,,3,,,,,,,,future_data_detected,UNKNOWN_VERSION
379,AAPL,2026-06-16,0.861289,,,1,,,,,,,,future_data_detected,UNKNOWN_VERSION
380,NVDA,2026-06-16,0.846174,,,2,,,,,,,,future_data_detected,UNKNOWN_VERSION
381,GOOGL,2026-06-16,0.628977,,,3,,,,,,,,future_data_detected,UNKNOWN_VERSION
382,AAPL,2026-06-17,0.861289,,,1,,,,,,,,future_data_detected,UNKNOWN_VERSION
383,NVDA,2026-06-17,0.846174,,,2,,,,,,,,future_data_detected,UNKNOWN_VERSION
384,GOOGL,2026-06-17,0.628977,,,3,,,,,,,,future_data_detected,UNKNOWN_VERSION
385,AAPL,2026-06-18,0.861289,,,1,,,,,,,,future_data_detected,UNKNOWN_VERSION
386,NVDA,2026-06-18,0.846174,,,2,,,,,,,,future_data_detected,UNKNOWN_VERSION
387,GOOGL,2026-06-18,0.628977,,,3,,,,,,,,future_data_detected,UNKNOWN_VERSION
388,AAPL,2026-06-19,0.861289,,,1,,,,,,,,future_data_detected,UNKNOWN_VERSION
389,NVDA,2026-06-19,0.846174,,,2,,,,,,,,future_data_detected,UNKNOWN_VERSION
390,GOOGL,2026-06-19,0.628977,,,3,,,,,,,,future_data_detected,UNKNOWN_VERSION
391,AAPL,2026-06-22,0.861289,,,1,,,,,,,,future_data_detected,UNKNOWN_VERSION
392,NVDA,2026-06-22,0.846174,,,2,,,,,,,,future_data_detected,UNKNOWN_VERSION
393,GOOGL,2026-06-22,0.628977,,,3,,,,,,,,future_data_detected,UNKNOWN_VERSION
394,AAPL,2026-06-23,0.861289,,,1,,,,,,,,future_data_detected,UNKNOWN_VERSION
395,NVDA,2026-06-23,0.846174,,,2,,,,,,,,future_data_detected,UNKNOWN_VERSION
396,GOOGL,2026-06-23,0.628977,,,3,,,,,,,,future_data_detected,UNKNOWN_VERSION
397,AAPL,2026-06-24,0.861289,,,1,,,,,,,,future_data_detected,UNKNOWN_VERSION
398,NVDA,2026-06-24,0.846174,,,2,,,,,,,,future_data_detected,UNKNOWN_VERSION
399,GOOGL,2026-06-24,0.628977,,,3,,,,,,,,future_data_detected,UNKNOWN_VERSION
268,AAPL,2026-06-25,0.861289,,,1,,,,,,,,future_data_detected,UNKNOWN_VERSION
400,AAPL,2026-06-25,0.861289,,,1,,,,,,,,future_data_detected,UNKNOWN_VERSION
269,NVDA,2026-06-25,0.846174,,,2,,,,,,,,future_data_detected,UNKNOWN_VERSION
401,NVDA,2026-06-25,0.846174,,,2,,,,,,,,future_data_detected,UNKNOWN_VERSION
270,GOOGL,2026-06-25,0.628977,,,3,,,,,,,,future_data_detected,UNKNOWN_VERSION
402,GOOGL,2026-06-25,0.628977,,,3,,,,,,,,future_data_detected,UNKNOWN_VERSION
271,AAPL,2026-06-26,0.861289,,,1,,,,,,,,future_data_detected,UNKNOWN_VERSION
403,AAPL,2026-06-26,0.861289,,,1,,,,,,,,future_data_detected,UNKNOWN_VERSION
272,NVDA,2026-06-26,0.846174,,,2,,,,,,,,future_data_detected,UNKNOWN_VERSION
404,NVDA,2026-06-26,0.846174,,,2,,,,,,,,future_data_detected,UNKNOWN_VERSION
273,GOOGL,2026-06-26,0.628977,,,3,,,,,,,,future_data_detected,UNKNOWN_VERSION
405,GOOGL,2026-06-26,0.628977,,,3,,,,,,,,future_data_detected,UNKNOWN_VERSION
17,AXON,2026-06-27,1.521398,0.3592122256,-1.162185774,1,5,,,,,,,both_match,UNKNOWN_VERSION
18,DLTR,2026-06-27,1.4921,0.444156189,-1.047943811,2,2,,,,,,,both_match,UNKNOWN_VERSION
19,PGR,2026-06-27,1.480935,0.4547799085,-1.026155091,3,1,,,,,,,both_match,UNKNOWN_VERSION
20,ALL,2026-06-27,1.474258,0.4381958384,-1.036062162,4,3,,,,,,,both_match,UNKNOWN_VERSION
21,EXPE,2026-06-27,1.450322,0.4253097866,-1.025012213,5,4,,,,,,,both_match,UNKNOWN_VERSION
274,AAPL,2026-06-29,0.861289,,,1,,,,,,,,future_data_detected,UNKNOWN_VERSION
406,AAPL,2026-06-29,0.861289,,,1,,,,,,,,future_data_detected,UNKNOWN_VERSION
275,NVDA,2026-06-29,0.846174,,,2,,,,,,,,future_data_detected,UNKNOWN_VERSION
407,NVDA,2026-06-29,0.846174,,,2,,,,,,,,future_data_detected,UNKNOWN_VERSION
276,GOOGL,2026-06-29,0.628977,0.3102527106,-0.3187242894,3,1,,,,,,,future_data_detected,UNKNOWN_VERSION
408,GOOGL,2026-06-29,0.628977,0.3102527106,-0.3187242894,3,1,,,,,,,future_data_detected,UNKNOWN_VERSION
22,GOOGL,2026-06-30,0.97985,0.4359161501,-0.5439338499,1,2,,,,,,,both_match,UNKNOWN_VERSION
27,GOOGL,2026-06-30,0.978302,0.4359161501,-0.5423858499,1,2,0.02133,0.043692,0.093639,0.108088,0.02133,,both_match,UNKNOWN_VERSION
32,PANW,2026-06-30,1.108547,0.3941799763,-0.7143670237,1,4,,,,,,,both_match,UNKNOWN_VERSION
37,AMD,2026-06-30,1.103681,0.5527681369,-0.5509128631,1,1,0.076304,-0.042985,0.026395,-0.009453,0.076304,,both_match,UNKNOWN_VERSION
277,AAPL,2026-06-30,0.861289,0.4064181843,-0.4548708157,1,3,,,,,,,future_data_detected,UNKNOWN_VERSION
409,AAPL,2026-06-30,0.861289,0.4064181843,-0.4548708157,1,3,,,,,,,future_data_detected,UNKNOWN_VERSION
23,NVDA,2026-06-30,0.85342,,,2,,,,,,,,obsidian_and_db,UNKNOWN_VERSION
28,NVDA,2026-06-30,0.854833,,,2,,,,,,,,obsidian_and_db,UNKNOWN_VERSION
33,AMD,2026-06-30,1.050824,0.5527681369,-0.4980558631,2,1,,,,,,,both_match,UNKNOWN_VERSION
38,PANW,2026-06-30,1.018547,0.3941799763,-0.6243670237,2,4,0.022801,0.050512,0.074759,-0.00512,0.022801,,both_match,UNKNOWN_VERSION
278,NVDA,2026-06-30,0.846174,,,2,,,,,,,,future_data_detected,UNKNOWN_VERSION
410,NVDA,2026-06-30,0.846174,,,2,,,,,,,,future_data_detected,UNKNOWN_VERSION
24,AAPL,2026-06-30,0.654318,0.4064181843,-0.2478998157,3,3,,,,,,,both_match,UNKNOWN_VERSION
29,AAPL,2026-06-30,0.666483,0.4064181843,-0.2600648157,3,3,0.011681,0.0212,-0.092217,-0.059126,0.011681,,both_match,UNKNOWN_VERSION
34,TSLA,2026-06-30,0.71965,0.3634705589,-0.3561794411,3,6,,,,,,,both_match,UNKNOWN_VERSION
39,TSLA,2026-06-30,0.772221,0.3634705589,-0.4087504411,3,6,0.016672,-0.043949,0.008668,-0.041472,0.016672,,both_match,UNKNOWN_VERSION
279,GOOGL,2026-06-30,0.628977,0.4359161501,-0.1930608499,3,2,,,,,,,future_data_detected,UNKNOWN_VERSION
411,GOOGL,2026-06-30,0.628977,0.4359161501,-0.1930608499,3,2,,,,,,,future_data_detected,UNKNOWN_VERSION
25,AMZN,2026-06-30,0.556457,0.3584719072,-0.1979850928,4,7,,,,,,,both_match,UNKNOWN_VERSION
30,AMZN,2026-06-30,0.556627,0.3584719072,-0.1981550928,4,7,-0.005143,0.024759,0.02301,0.029965,-0.005143,,both_match,UNKNOWN_VERSION
35,NVDA,2026-06-30,0.567721,,,4,,,,,,,,obsidian_and_db,UNKNOWN_VERSION
40,META,2026-06-30,0.528162,,,4,,-0.00431,0.041415,0.05527,0.167312,-0.00431,,obsidian_and_db,UNKNOWN_VERSION
26,MSFT,2026-06-30,0.274462,0.3737763415,0.09931434146,5,5,,,,,,,both_match,UNKNOWN_VERSION
31,MSFT,2026-06-30,0.275359,0.3737763415,0.09841734146,5,5,0.00819,0.060694,0.049796,0.063918,0.00819,,both_match,UNKNOWN_VERSION
36,META,2026-06-30,0.417162,,,5,,,,,,,,obsidian_and_db,UNKNOWN_VERSION
41,NVDA,2026-06-30,0.462721,,,5,,-0.049942,-0.047525,-0.049652,0.082769,-0.049942,,obsidian_and_db,UNKNOWN_VERSION
42,AMD,2026-07-01,1.216694,0.4577848933,-0.7589091067,1,3,-0.047229,-0.109556,-0.110269,-0.046859,-0.047229,,both_match,UNKNOWN_VERSION
280,AAPL,2026-07-01,0.861289,0.4076571799,-0.4536318201,1,6,,,,,,,future_data_detected,UNKNOWN_VERSION
412,AAPL,2026-07-01,0.861289,0.4076571799,-0.4536318201,1,6,,,,,,,future_data_detected,UNKNOWN_VERSION
43,PANW,2026-07-01,0.952179,0.4801384604,-0.4720405396,2,2,0.041828,0.021663,-0.05897,0.031511,0.041828,,both_match,UNKNOWN_VERSION
281,NVDA,2026-07-01,0.846174,,,2,,,,,,,,future_data_detected,UNKNOWN_VERSION
413,NVDA,2026-07-01,0.846174,,,2,,,,,,,,future_data_detected,UNKNOWN_VERSION
44,TSLA,2026-07-01,0.93257,0.4475532774,-0.4850167226,3,4,0.016937,-0.060766,-0.059309,-0.054034,0.016937,,both_match,UNKNOWN_VERSION
282,GOOGL,2026-07-01,0.628977,0.4160812378,-0.2128957622,3,5,,,,,,,future_data_detected,UNKNOWN_VERSION
414,GOOGL,2026-07-01,0.628977,0.4160812378,-0.2128957622,3,5,,,,,,,future_data_detected,UNKNOWN_VERSION
45,GOOG,2026-07-01,0.756555,0.4810327896,-0.2755222104,4,1,0.006639,0.007154,0.014308,0.004044,0.006639,,both_match,UNKNOWN_VERSION
46,AAPL,2026-07-01,0.729513,0.4076571799,-0.3218558201,5,6,0.011681,0.0212,-0.092217,-0.059126,0.011681,,both_match,UNKNOWN_VERSION
47,PANW,2026-07-02,1.021905,0.4808689329,-0.5410360671,1,1,-0.015285,0.006261,-0.095911,0.001466,-0.015285,,both_match,UNKNOWN_VERSION
51,PANW,2026-07-02,1.059421,0.4808689329,-0.5785520671,1,1,,,,,,,both_match,UNKNOWN_VERSION
55,TSLA,2026-07-02,0.881205,0.3997979878,-0.4814070122,1,3,,,,,,,both_match,UNKNOWN_VERSION
58,TSLA,2026-07-02,1.044727,0.3997979878,-0.6449290122,1,3,,,,,,,both_match,UNKNOWN_VERSION
60,NVDA,2026-07-02,0.964326,,,1,,,,,,,,obsidian_and_db,UNKNOWN_VERSION
61,TSLA,2026-07-02,0.886683,0.3997979878,-0.4868850122,1,3,,,,,,,both_match,UNKNOWN_VERSION
64,PANW,2026-07-02,1.073455,0.4808689329,-0.5925860671,1,1,,,,,,,both_match,UNKNOWN_VERSION
69,PANW,2026-07-02,1.105353,0.4808689329,-0.6244840671,1,1,,,,,,,both_match,UNKNOWN_VERSION
283,AAPL,2026-07-02,0.861289,0.3732437774,-0.4880452226,1,4,,,,,,,future_data_detected,UNKNOWN_VERSION
415,AAPL,2026-07-02,0.861289,0.3732437774,-0.4880452226,1,4,,,,,,,future_data_detected,UNKNOWN_VERSION
48,TSLA,2026-07-02,0.709501,0.3997979878,-0.3097030122,2,3,-0.073815,-0.023139,-0.073345,-0.066243,-0.073815,,both_match,UNKNOWN_VERSION
52,TSLA,2026-07-02,0.741947,0.3997979878,-0.3421490122,2,3,,,,,,,both_match,UNKNOWN_VERSION
56,AMD,2026-07-02,0.804852,0.4160132927,-0.3888387073,2,2,,,,,,,both_match,UNKNOWN_VERSION
59,NVDA,2026-07-02,0.663654,,,2,,,,,,,,obsidian_and_db,UNKNOWN_VERSION
62,AMD,2026-07-02,0.803372,0.4160132927,-0.3873587073,2,2,,,,,,,both_match,UNKNOWN_VERSION
65,TSLA,2026-07-02,0.812155,0.3997979878,-0.4123570122,2,3,,,,,,,both_match,UNKNOWN_VERSION
70,TSLA,2026-07-02,0.718459,0.3997979878,-0.3186610122,2,3,,,,,,,both_match,UNKNOWN_VERSION
284,NVDA,2026-07-02,0.846174,,,2,,,,,,,,future_data_detected,UNKNOWN_VERSION
416,NVDA,2026-07-02,0.846174,,,2,,,,,,,,future_data_detected,UNKNOWN_VERSION
49,AMD,2026-07-02,0.68653,0.4160132927,-0.2705167073,3,2,-0.059659,0.006855,-0.059195,-0.041558,-0.059659,,both_match,UNKNOWN_VERSION
53,AMD,2026-07-02,0.721786,0.4160132927,-0.3057727073,3,2,,,,,,,both_match,UNKNOWN_VERSION
57,NVDA,2026-07-02,0.591821,,,3,,,,,,,,obsidian_and_db,UNKNOWN_VERSION
63,NVDA,2026-07-02,0.592812,,,3,,,,,,,,obsidian_and_db,UNKNOWN_VERSION
66,AMD,2026-07-02,0.703686,0.4160132927,-0.2876727073,3,2,,,,,,,both_match,UNKNOWN_VERSION
71,AMD,2026-07-02,0.680319,0.4160132927,-0.2643057073,3,2,,,,,,,both_match,UNKNOWN_VERSION
285,GOOGL,2026-07-02,0.628977,0.3251131585,-0.3038638415,3,5,,,,,,,future_data_detected,UNKNOWN_VERSION
417,GOOGL,2026-07-02,0.628977,0.3251131585,-0.3038638415,3,5,,,,,,,future_data_detected,UNKNOWN_VERSION
50,NVDA,2026-07-02,0.497168,,,4,,-0.049942,-0.047525,-0.04999,0.082769,-0.049942,,obsidian_and_db,UNKNOWN_VERSION
54,NVDA,2026-07-02,0.540747,,,4,,,,,,,,obsidian_and_db,UNKNOWN_VERSION
67,NVDA,2026-07-02,0.59099,,,4,,,,,,,,obsidian_and_db,UNKNOWN_VERSION
72,NVDA,2026-07-02,0.534678,,,4,,,,,,,,obsidian_and_db,UNKNOWN_VERSION
68,CRM,2026-07-02,0.462878,,,5,,,,,,,,obsidian_and_db,UNKNOWN_VERSION
73,AMD,2026-07-03,0.74205,0.3778763307,-0.3641736693,1,13,,,,,,,both_match,UNKNOWN_VERSION
76,AMD,2026-07-03,0.739201,0.3778763307,-0.3613246693,1,13,,,,,,,both_match,UNKNOWN_VERSION
79,AMD,2026-07-03,0.759143,0.3778763307,-0.3812666693,1,13,,,,,,,both_match,UNKNOWN_VERSION
82,CMG,2026-07-03,1.245793,0.3337480228,-0.9120449772,1,14,,,,,,,both_match,UNKNOWN_VERSION
92,AMD,2026-07-03,0.753038,0.3778763307,-0.3751616693,1,13,,,,,,,both_match,UNKNOWN_VERSION
95,AMD,2026-07-03,0.758227,0.3778763307,-0.3803506693,1,13,,,,,,,both_match,UNKNOWN_VERSION
98,GOOGL,2026-07-03,1.191598,0.4208585716,-0.7707394284,1,9,,,,,,,both_match,UNKNOWN_VERSION
102,AAPL,2026-07-03,1.083517,0.4772331905,-0.6062838095,1,4,,,,,,,both_match,UNKNOWN_VERSION
106,AAPL,2026-07-03,1.083517,0.4772331905,-0.6062838095,1,4,,,,,,,both_match,UNKNOWN_VERSION
286,AAPL,2026-07-03,0.861289,0.4772331905,-0.3840558095,1,4,,,,,,,future_data_detected,UNKNOWN_VERSION
418,AAPL,2026-07-03,0.861289,0.4772331905,-0.3840558095,1,4,,,,,,,future_data_detected,UNKNOWN_VERSION
74,NVDA,2026-07-03,0.620446,,,2,,,,,,,,obsidian_and_db,UNKNOWN_VERSION
77,NVDA,2026-07-03,0.618482,,,2,,,,,,,,obsidian_and_db,UNKNOWN_VERSION
80,NVDA,2026-07-03,0.587107,,,2,,,,,,,,obsidian_and_db,UNKNOWN_VERSION
83,JNJ,2026-07-03,1.240829,0.5217634039,-0.7190655961,2,2,,,,,,,both_match,UNKNOWN_VERSION
93,NVDA,2026-07-03,0.583454,,,2,,,,,,,,obsidian_and_db,UNKNOWN_VERSION
96,NVDA,2026-07-03,0.58801,,,2,,,,,,,,obsidian_and_db,UNKNOWN_VERSION
99,AAPL,2026-07-03,1.075673,0.4772331905,-0.5984398095,2,4,,,,,,,both_match,UNKNOWN_VERSION
103,GOOGL,2026-07-03,0.852779,0.4208585716,-0.4319204284,2,9,,,,,,,both_match,UNKNOWN_VERSION
107,GOOGL,2026-07-03,0.852779,0.4208585716,-0.4319204284,2,9,,,,,,,both_match,UNKNOWN_VERSION
287,NVDA,2026-07-03,0.846174,,,2,,,,,,,,future_data_detected,UNKNOWN_VERSION
419,NVDA,2026-07-03,0.846174,,,2,,,,,,,,future_data_detected,UNKNOWN_VERSION
75,TSLA,2026-07-03,0.423324,0.3790079008,-0.04431609918,3,12,,,,,,,both_match,UNKNOWN_VERSION
78,TSLA,2026-07-03,0.475457,0.3790079008,-0.09644909918,3,12,,,,,,,both_match,UNKNOWN_VERSION
81,TSLA,2026-07-03,0.574733,0.3790079008,-0.1957250992,3,12,,,,,,,both_match,UNKNOWN_VERSION
84,AON,2026-07-03,1.205945,0.4876401112,-0.7183048888,3,3,,,,,,,both_match,UNKNOWN_VERSION
94,TSLA,2026-07-03,0.57207,0.3790079008,-0.1930620992,3,12,,,,,,,both_match,UNKNOWN_VERSION
97,TSLA,2026-07-03,0.573226,0.3790079008,-0.1942180992,3,12,,,,,,,both_match,UNKNOWN_VERSION
100,MSFT,2026-07-03,0.652892,0.4277182972,-0.2251737028,3,8,,,,,,,both_match,UNKNOWN_VERSION
104,MSFT,2026-07-03,0.623,0.4277182972,-0.1952817028,3,8,,,,,,,both_match,UNKNOWN_VERSION
108,MSFT,2026-07-03,0.623,0.4277182972,-0.1952817028,3,8,,,,,,,both_match,UNKNOWN_VERSION
288,GOOGL,2026-07-03,0.628977,0.4208585716,-0.2081184284,3,9,,,,,,,future_data_detected,UNKNOWN_VERSION
420,GOOGL,2026-07-03,0.628977,0.4208585716,-0.2081184284,3,9,,,,,,,future_data_detected,UNKNOWN_VERSION
85,AJG,2026-07-03,1.180826,0.4599081142,-0.7209178858,4,5,,,,,,,both_match,UNKNOWN_VERSION
101,AMD,2026-07-03,0.484182,0.3778763307,-0.1063056693,4,13,,,,,,,both_match,UNKNOWN_VERSION
105,AMD,2026-07-03,0.620775,0.3778763307,-0.2428986693,4,13,,,,,,,both_match,UNKNOWN_VERSION
109,AMD,2026-07-03,0.620775,0.3778763307,-0.2428986693,4,13,,,,,,,both_match,UNKNOWN_VERSION
86,ABBV,2026-07-03,1.168249,0.4487046691,-0.7195443309,5,6,,,,,,,both_match,UNKNOWN_VERSION
87,VRTX,2026-07-03,1.16542,0.431368724,-0.734051276,6,7,,,,,,,both_match,UNKNOWN_VERSION
88,PODD,2026-07-03,1.163537,0.4067776569,-0.7567593431,7,10,,,,,,,both_match,UNKNOWN_VERSION
89,KMB,2026-07-03,1.158646,,,8,,,,,,,,obsidian_and_db,UNKNOWN_VERSION
90,WELL,2026-07-03,1.157178,0.4041527484,-0.7530252516,9,11,,,,,,,both_match,UNKNOWN_VERSION
91,MA,2026-07-03,1.153678,0.5317376417,-0.6219403583,10,1,,,,,,,both_match,UNKNOWN_VERSION
140,REGN,2026-07-06,1.536339,0.3164426829,-1.219896317,1,5,,,,,,,future_data_detected,UNKNOWN_VERSION
289,AAPL,2026-07-06,0.861289,0.3586691585,-0.5026198415,1,3,,,,,,,future_data_detected,UNKNOWN_VERSION
421,AAPL,2026-07-06,0.861289,0.3586691585,-0.5026198415,1,3,,,,,,,future_data_detected,UNKNOWN_VERSION
141,DLTR,2026-07-06,1.433429,,,2,,,,,,,,future_data_detected,UNKNOWN_VERSION
290,NVDA,2026-07-06,0.846174,,,2,,,,,,,,future_data_detected,UNKNOWN_VERSION
422,NVDA,2026-07-06,0.846174,,,2,,,,,,,,future_data_detected,UNKNOWN_VERSION
142,PYPL,2026-07-06,1.42907,0.3705969055,-1.058473095,3,2,,,,,,,future_data_detected,UNKNOWN_VERSION
291,GOOGL,2026-07-06,0.628977,,,3,,,,,,,,future_data_detected,UNKNOWN_VERSION
423,GOOGL,2026-07-06,0.628977,,,3,,,,,,,,future_data_detected,UNKNOWN_VERSION
143,SHOP,2026-07-06,1.404499,0.3280018902,-1.07649711,4,4,,,,,,,future_data_detected,UNKNOWN_VERSION
144,WTW,2026-07-06,1.403711,0.4012645427,-1.002446457,5,1,,,,,,,future_data_detected,UNKNOWN_VERSION
110,FTNT,2026-07-07,1.256036,0.4040642771,-0.8519717229,1,5,,,,,,,both_match,UNKNOWN_VERSION
115,FTNT,2026-07-07,1.239021,0.4040642771,-0.8349567229,1,5,,,,,,,both_match,UNKNOWN_VERSION
120,FTNT,2026-07-07,1.237166,0.4040642771,-0.8331017229,1,5,,,,,,,both_match,UNKNOWN_VERSION
125,FTNT,2026-07-07,1.237513,0.4040642771,-0.8334487229,1,5,-0.034918,-0.010839,-0.010839,-0.000123,-0.034918,,both_match,UNKNOWN_VERSION
292,AAPL,2026-07-07,0.861289,0.3403922319,-0.5208967681,1,7,,,,,,,future_data_detected,UNKNOWN_VERSION
424,AAPL,2026-07-07,0.861289,0.3403922319,-0.5208967681,1,7,,,,,,,future_data_detected,UNKNOWN_VERSION
111,AMD,2026-07-07,1.212626,0.3764491101,-0.8361768899,2,6,-0.069256,-0.038703,-0.038703,-0.084502,-0.069256,,both_match,UNKNOWN_VERSION
116,AXON,2026-07-07,1.169747,0.4546757174,-0.7150712826,2,2,,,,,,,both_match,UNKNOWN_VERSION
121,AXON,2026-07-07,1.17161,0.4546757174,-0.7169342826,2,2,,,,,,,both_match,UNKNOWN_VERSION
126,AXON,2026-07-07,1.17182,0.4546757174,-0.7171442826,2,2,-0.02348,-0.109394,-0.109394,-0.140962,-0.02348,,both_match,UNKNOWN_VERSION
293,NVDA,2026-07-07,0.846174,,,2,,,,,,,,future_data_detected,UNKNOWN_VERSION
425,NVDA,2026-07-07,0.846174,,,2,,,,,,,,future_data_detected,UNKNOWN_VERSION
112,AXON,2026-07-07,1.18977,0.4546757174,-0.7350942826,3,2,,,,,,,both_match,UNKNOWN_VERSION
117,CRWD,2026-07-07,1.165124,0.4605288198,-0.7045951802,3,1,,,,,,,both_match,UNKNOWN_VERSION
122,CRWD,2026-07-07,1.163987,0.4605288198,-0.7034581802,3,1,,,,,,,both_match,UNKNOWN_VERSION
127,CRWD,2026-07-07,1.159117,0.4605288198,-0.6985881802,3,1,-0.037542,-0.053708,-0.053708,0.016543,-0.037542,,both_match,UNKNOWN_VERSION
294,GOOGL,2026-07-07,0.628977,,,3,,,,,,,,future_data_detected,UNKNOWN_VERSION
426,GOOGL,2026-07-07,0.628977,,,3,,,,,,,,future_data_detected,UNKNOWN_VERSION
113,CRWD,2026-07-07,1.170151,0.4605288198,-0.7096221802,4,1,,,,,,,both_match,UNKNOWN_VERSION
118,MELI,2026-07-07,1.147536,0.416157116,-0.731378884,4,4,,,,,,,both_match,UNKNOWN_VERSION
123,MELI,2026-07-07,1.146236,0.416157116,-0.730078884,4,4,,,,,,,both_match,UNKNOWN_VERSION
128,MELI,2026-07-07,1.154908,0.416157116,-0.738750884,4,4,0.002554,0.034647,0.034647,0.019072,0.002554,,both_match,UNKNOWN_VERSION
114,MELI,2026-07-07,1.159872,0.416157116,-0.743714884,5,4,,,,,,,both_match,UNKNOWN_VERSION
119,TSLA,2026-07-07,1.132873,0.4162226602,-0.7166503398,5,3,,,,,,,both_match,UNKNOWN_VERSION
124,TSLA,2026-07-07,1.127066,0.4162226602,-0.7108433398,5,3,,,,,,,both_match,UNKNOWN_VERSION
129,TSLA,2026-07-07,1.137283,0.4162226602,-0.7210603398,5,3,-0.051075,-0.04939,-0.04939,-0.105979,-0.051075,,both_match,UNKNOWN_VERSION
135,REGN,2026-07-08,1.536339,0.4759495884,-1.060389412,1,3,-0.019742,-0.019431,-0.02477,-0.006418,-0.019742,,both_match,UNKNOWN_VERSION
295,AAPL,2026-07-08,0.861289,0.3353113841,-0.5259776159,1,6,,,,,,,future_data_detected,UNKNOWN_VERSION
427,AAPL,2026-07-08,0.861289,0.3353113841,-0.5259776159,1,6,,,,,,,future_data_detected,UNKNOWN_VERSION
136,DLTR,2026-07-08,1.433429,0.5412268445,-0.8922021555,2,1,0.007827,0.030412,0.014024,0.024289,0.007827,,both_match,UNKNOWN_VERSION
296,NVDA,2026-07-08,0.846174,,,2,,,,,,,,future_data_detected,UNKNOWN_VERSION
428,NVDA,2026-07-08,0.846174,,,2,,,,,,,,future_data_detected,UNKNOWN_VERSION
137,PYPL,2026-07-08,1.42907,0.4588250762,-0.9702449238,3,4,-0.024535,0.043812,0.033078,0.220482,-0.024535,,both_match,UNKNOWN_VERSION
297,GOOGL,2026-07-08,0.628977,,,3,,,,,,,,future_data_detected,UNKNOWN_VERSION
429,GOOGL,2026-07-08,0.628977,,,3,,,,,,,,future_data_detected,UNKNOWN_VERSION
138,SHOP,2026-07-08,1.404499,0.4521709451,-0.9523280549,4,5,-0.021825,0.023466,0.026707,0.010215,-0.021825,,both_match,UNKNOWN_VERSION
139,WTW,2026-07-08,1.403711,0.5240114024,-0.8796995976,5,2,-0.004491,0.005614,-0.01555,-0.016774,-0.004491,,both_match,UNKNOWN_VERSION
145,CASY,2026-07-09,1.285316,0.3373862043,-0.9479297957,1,4,0.018978,0.018978,-0.030625,0.016178,0.018978,,both_match,UNKNOWN_VERSION
298,AAPL,2026-07-09,0.861289,0.531863003,-0.329425997,1,1,,,,,,,future_data_detected,UNKNOWN_VERSION
430,AAPL,2026-07-09,0.861289,0.531863003,-0.329425997,1,1,,,,,,,future_data_detected,UNKNOWN_VERSION
146,AAPL,2026-07-09,1.183911,0.531863003,-0.652047997,2,1,,,,,,,both_match,UNKNOWN_VERSION
299,NVDA,2026-07-09,0.846174,0.329076564,-0.517097436,2,5,,,,,,,future_data_detected,UNKNOWN_VERSION
431,NVDA,2026-07-09,0.846174,0.329076564,-0.517097436,2,5,,,,,,,future_data_detected,UNKNOWN_VERSION
147,TXN,2026-07-09,1.076437,0.3753448323,-0.7010921677,3,3,-0.009127,-0.009127,-0.004414,-0.023663,-0.009127,,both_match,UNKNOWN_VERSION
300,GOOGL,2026-07-09,0.628977,,,3,,,,,,,,future_data_detected,UNKNOWN_VERSION
432,GOOGL,2026-07-09,0.628977,,,3,,,,,,,,future_data_detected,UNKNOWN_VERSION
148,PDD,2026-07-09,1.057207,0.4326765854,-0.6245304146,4,2,-0.002124,-0.002124,0.020238,-0.013571,-0.002124,,both_match,UNKNOWN_VERSION
149,DLTR,2026-07-09,1.056356,0.3185893902,-0.7377666098,5,6,0.022409,0.022409,0.031227,-0.011811,0.022409,,both_match,UNKNOWN_VERSION
150,META,2026-07-10,0.829496,0.6495624543,-0.1799335457,1,1,-0.017746,-0.011659,7e-06,-0.093472,-0.017746,,both_match,UNKNOWN_VERSION
155,NKE,2026-07-10,0.437239,0.3192698018,-0.1179691982,1,8,-0.011297,-0.023385,0.005987,-0.073882,-0.011297,,both_match,UNKNOWN_VERSION
301,AAPL,2026-07-10,0.861289,0.3120589299,-0.5492300701,1,9,,,,,,,future_data_detected,UNKNOWN_VERSION
433,AAPL,2026-07-10,0.861289,0.3120589299,-0.5492300701,1,9,,,,,,,future_data_detected,UNKNOWN_VERSION
151,CMG,2026-07-10,0.790435,0.4663582927,-0.3240767073,2,3,0.026338,0.024236,-0.042869,-0.10311,0.026338,,both_match,UNKNOWN_VERSION
156,MMM,2026-07-10,0.390066,,,2,,0.002097,-0.005655,0.027451,0.077651,0.002097,,obsidian_and_db,UNKNOWN_VERSION
302,NVDA,2026-07-10,0.846174,0.3908313354,-0.4553426646,2,6,,,,,,,future_data_detected,UNKNOWN_VERSION
434,NVDA,2026-07-10,0.846174,0.3908313354,-0.4553426646,2,6,,,,,,,future_data_detected,UNKNOWN_VERSION
152,ALLE,2026-07-10,0.78842,0.4811891159,-0.3072308841,3,2,-0.013635,-0.011827,0.01208,0.118087,-0.013635,,both_match,UNKNOWN_VERSION
157,KO,2026-07-10,0.384064,0.3945571341,0.01049313415,3,5,0.008137,-0.003291,0.013761,-0.028718,0.008137,,both_match,UNKNOWN_VERSION
303,GOOGL,2026-07-10,0.628977,,,3,,,,,,,,future_data_detected,UNKNOWN_VERSION
435,GOOGL,2026-07-10,0.628977,,,3,,,,,,,,future_data_detected,UNKNOWN_VERSION
153,ABNB,2026-07-10,0.759028,0.4236535671,-0.3353744329,4,4,-0.017524,-0.016517,-0.006513,-0.076339,-0.017524,,both_match,UNKNOWN_VERSION
158,CCI,2026-07-10,0.365113,,,4,,0.009611,-0.002276,0.000885,-0.057031,0.009611,,obsidian_and_db,UNKNOWN_VERSION
154,KMB,2026-07-10,0.756918,0.3778339024,-0.3790840976,5,7,-0.02197,-0.047002,-0.033909,-0.047446,-0.02197,,both_match,UNKNOWN_VERSION
159,MGM,2026-07-10,0.361258,,,5,,-0.007354,-0.019122,-0.014079,-0.054633,-0.007354,,obsidian_and_db,UNKNOWN_VERSION
160,META,2026-07-11,0.590164,0.6378288068,0.04766480682,1,1,,,,,,,both_match,UNKNOWN_VERSION
161,NVDA,2026-07-11,0.582138,0.5104646104,-0.07167338961,2,2,,,,,,,both_match,UNKNOWN_VERSION
162,AMAT,2026-07-11,0.557893,0.3880223864,-0.1698706136,3,3,,,,,,,both_match,UNKNOWN_VERSION
163,STX,2026-07-11,0.555492,0.3822240341,-0.1732679659,4,4,,,,,,,both_match,UNKNOWN_VERSION
164,KDP,2026-07-11,0.553344,0.3006669481,-0.2526770519,5,5,,,,,,,both_match,UNKNOWN_VERSION
166,CRM,2026-07-13,0.1458,0.4083028571,0.2625028571,1,1,0.048371,0.022532,0.045616,-0.039126,0.048371,,both_match,UNKNOWN_VERSION
304,AAPL,2026-07-13,0.861289,,,1,,,,,,,,future_data_detected,UNKNOWN_VERSION
436,AAPL,2026-07-13,0.861289,,,1,,,,,,,,future_data_detected,UNKNOWN_VERSION
167,CCI,2026-07-13,0.1201,,,2,,0.00226,-0.002385,-0.006151,-0.063897,0.00226,,obsidian_and_db,UNKNOWN_VERSION
305,NVDA,2026-07-13,0.846174,,,2,,,,,,,,future_data_detected,UNKNOWN_VERSION
437,NVDA,2026-07-13,0.846174,,,2,,,,,,,,future_data_detected,UNKNOWN_VERSION
168,CASY,2026-07-13,0.0807,,,3,,0.0479,-0.013832,0.047925,0.067599,0.0479,,obsidian_and_db,UNKNOWN_VERSION
306,GOOGL,2026-07-13,0.628977,,,3,,,,,,,,future_data_detected,UNKNOWN_VERSION
438,GOOGL,2026-07-13,0.628977,,,3,,,,,,,,future_data_detected,UNKNOWN_VERSION
169,ADBE,2026-07-13,0.035,,,4,,0.031167,0.004114,0.060858,-0.051289,0.031167,,obsidian_and_db,UNKNOWN_VERSION
170,MSFT,2026-07-13,0.0171,,,5,,0.015295,0.027344,0.022643,-0.00914,0.015295,,obsidian_and_db,UNKNOWN_VERSION
171,MRNA,2026-07-14,0.07064,,,1,,0.012456,-0.083333,-0.115362,-0.175119,0.012456,,obsidian_and_db,UNKNOWN_VERSION
307,AAPL,2026-07-14,0.861289,,,1,,,,,,,,future_data_detected,UNKNOWN_VERSION
439,AAPL,2026-07-14,0.861289,,,1,,,,,,,,future_data_detected,UNKNOWN_VERSION
172,TTWO,2026-07-14,0.045294,,,2,,0.028518,-0.001519,-0.004683,0.543736,0.028518,,obsidian_and_db,UNKNOWN_VERSION
308,NVDA,2026-07-14,0.846174,0.3137291899,-0.5324448101,2,2,,,,,,,future_data_detected,UNKNOWN_VERSION
440,NVDA,2026-07-14,0.846174,0.3137291899,-0.5324448101,2,2,,,,,,,future_data_detected,UNKNOWN_VERSION
173,FFIV,2026-07-14,0.041996,0.3326505519,0.2906545519,3,1,-0.022701,-0.051396,-0.052219,0.891945,-0.022701,,both_match,UNKNOWN_VERSION
309,GOOGL,2026-07-14,0.628977,,,3,,,,,,,,future_data_detected,UNKNOWN_VERSION
441,GOOGL,2026-07-14,0.628977,,,3,,,,,,,,future_data_detected,UNKNOWN_VERSION
174,TECH,2026-07-14,0.040052,,,4,,0.00351,0.012495,0.005616,0.005475,0.00351,,obsidian_and_db,UNKNOWN_VERSION
175,HOOD,2026-07-14,0.03665,,,5,,0.018422,-0.118907,-0.062494,-0.156897,0.018422,,obsidian_and_db,UNKNOWN_VERSION
176,MRNA,2026-07-15,0.07064,,,1,,-0.075132,-0.128735,-0.149531,-0.182704,-0.075132,,obsidian_and_db,UNKNOWN_VERSION
310,AAPL,2026-07-15,0.861289,0.3243535114,-0.5369354886,1,2,,,,,,,future_data_detected,UNKNOWN_VERSION
442,AAPL,2026-07-15,0.861289,0.3243535114,-0.5369354886,1,2,,,,,,,future_data_detected,UNKNOWN_VERSION
177,TTWO,2026-07-15,0.045294,,,2,,-0.01735,-0.01977,-0.04192,0.015669,-0.01735,,obsidian_and_db,UNKNOWN_VERSION
311,NVDA,2026-07-15,0.846174,0.3891660568,-0.4570079432,2,1,,,,,,,future_data_detected,UNKNOWN_VERSION
443,NVDA,2026-07-15,0.846174,0.3891660568,-0.4570079432,2,1,,,,,,,future_data_detected,UNKNOWN_VERSION
178,FFIV,2026-07-15,0.041996,0.3013921591,0.2593961591,3,3,-0.04285,-0.022659,-0.049493,-0.042731,-0.04285,,both_match,UNKNOWN_VERSION
312,GOOGL,2026-07-15,0.628977,,,3,,,,,,,,future_data_detected,UNKNOWN_VERSION
444,GOOGL,2026-07-15,0.628977,,,3,,,,,,,,future_data_detected,UNKNOWN_VERSION
179,TECH,2026-07-15,0.040052,,,4,,0.004057,0.002238,0.004197,0.008254,0.004057,,obsidian_and_db,UNKNOWN_VERSION
180,HOOD,2026-07-15,0.03665,,,5,,-0.082396,-0.14073,-0.095724,-0.197161,-0.082396,,obsidian_and_db,UNKNOWN_VERSION
186,MDT,2026-07-16,0.496062,0.4206558333,-0.07540616667,1,2,0.030958,0.032404,0.01205,0.082123,0.030958,,both_match,UNKNOWN_VERSION
191,DE,2026-07-16,0.509409,0.3555883333,-0.1538206667,1,7,0.009432,-0.008295,0.030281,0.044225,0.009432,,both_match,UNKNOWN_VERSION
313,AAPL,2026-07-16,0.861289,0.333527375,-0.527761625,1,9,,,,,,,future_data_detected,UNKNOWN_VERSION
445,AAPL,2026-07-16,0.861289,0.333527375,-0.527761625,1,9,,,,,,,future_data_detected,UNKNOWN_VERSION
187,GOOG,2026-07-16,0.477868,0.309345,-0.168523,2,10,-0.04245,-0.049622,-0.078174,-0.086397,-0.04245,,both_match,UNKNOWN_VERSION
192,WFC,2026-07-16,0.501042,0.3910677083,-0.1099742917,2,3,0.005634,-0.01577,-0.012456,-0.034396,0.005634,,both_match,UNKNOWN_VERSION
314,NVDA,2026-07-16,0.846174,0.347536,-0.498638,2,8,,,,,,,future_data_detected,UNKNOWN_VERSION
446,NVDA,2026-07-16,0.846174,0.347536,-0.498638,2,8,,,,,,,future_data_detected,UNKNOWN_VERSION
188,VTRS,2026-07-16,0.47598,,,3,,0.048441,0.029064,0.029973,0.081744,0.048441,,obsidian_and_db,UNKNOWN_VERSION
193,BIIB,2026-07-16,0.479268,0.4783989583,-0.0008690416667,3,1,0.053944,0.017846,0.002535,0.053894,0.053944,,both_match,UNKNOWN_VERSION
315,GOOGL,2026-07-16,0.628977,,,3,,,,,,,,future_data_detected,UNKNOWN_VERSION
447,GOOGL,2026-07-16,0.628977,,,3,,,,,,,,future_data_detected,UNKNOWN_VERSION
189,APP,2026-07-16,0.471189,,,4,,-0.037078,-0.05713,-0.096093,-0.118653,-0.037078,,obsidian_and_db,UNKNOWN_VERSION
194,ASML,2026-07-16,0.461751,0.3848566667,-0.07689433333,4,4,-0.012268,-0.040639,-0.007387,-0.134922,-0.012268,,both_match,UNKNOWN_VERSION
190,CL,2026-07-16,0.470062,0.3806208333,-0.08944116667,5,5,0.022617,-0.001907,-0.001253,0.015369,0.022617,,both_match,UNKNOWN_VERSION
195,HCA,2026-07-16,0.455184,0.3569979167,-0.09818608333,5,6,0.019269,-0.021882,-0.018424,0.083872,0.019269,,both_match,UNKNOWN_VERSION
201,GEHC,2026-07-17,0.512215,0.4817887338,-0.03042626623,1,2,-0.032669,-0.045859,-0.04977,0.035276,-0.032669,,both_match,UNKNOWN_VERSION
316,AAPL,2026-07-17,0.861289,0.3576838036,-0.5036051964,1,5,,,,,,,future_data_detected,UNKNOWN_VERSION
448,AAPL,2026-07-17,0.861289,0.3576838036,-0.5036051964,1,5,,,,,,,future_data_detected,UNKNOWN_VERSION
202,CMCSA,2026-07-17,0.480597,0.3534042614,-0.1271927386,2,6,-0.012453,-0.015152,-0.090079,-0.007057,-0.012453,,both_match,UNKNOWN_VERSION
317,NVDA,2026-07-17,0.846174,,,2,,,,,,,,future_data_detected,UNKNOWN_VERSION
449,NVDA,2026-07-17,0.846174,,,2,,,,,,,,future_data_detected,UNKNOWN_VERSION
203,AWK,2026-07-17,0.468295,0.3591899648,-0.1091050352,3,4,0.008683,-0.0223,0.003457,0.01361,0.008683,,both_match,UNKNOWN_VERSION
318,GOOGL,2026-07-17,0.628977,,,3,,,,,,,,future_data_detected,UNKNOWN_VERSION
450,GOOGL,2026-07-17,0.628977,,,3,,,,,,,,future_data_detected,UNKNOWN_VERSION
204,BIIB,2026-07-17,0.462051,0.5240486824,0.06199768236,4,1,-0.007564,-0.026065,-0.033436,-0.015923,-0.007564,,both_match,UNKNOWN_VERSION
205,MCK,2026-07-17,0.443861,0.462548355,0.01868735498,5,3,0.005383,-0.01548,-0.014811,0.022387,0.005383,,both_match,UNKNOWN_VERSION
319,AAPL,2026-07-20,0.861289,0.3456802945,-0.5156087055,1,1,,,,,,,future_data_detected,UNKNOWN_VERSION
451,AAPL,2026-07-20,0.861289,0.3456802945,-0.5156087055,1,1,,,,,,,future_data_detected,UNKNOWN_VERSION
320,NVDA,2026-07-20,0.846174,,,2,,,,,,,,future_data_detected,UNKNOWN_VERSION
452,NVDA,2026-07-20,0.846174,,,2,,,,,,,,future_data_detected,UNKNOWN_VERSION
321,GOOGL,2026-07-20,0.628977,,,3,,,,,,,,future_data_detected,UNKNOWN_VERSION
453,GOOGL,2026-07-20,0.628977,,,3,,,,,,,,future_data_detected,UNKNOWN_VERSION
206,AKAM,2026-07-21,0.464039,0.3441134307,-0.1199255693,1,10,0.016043,-0.046625,-0.08334,0.001949,0.016043,,both_match,UNKNOWN_VERSION
211,PGR,2026-07-21,0.572175,0.3453519562,-0.2268230438,1,9,-0.024313,-0.024313,0.016633,-0.006974,-0.024313,,both_match,UNKNOWN_VERSION
322,AAPL,2026-07-21,0.861289,0.3492200211,-0.5120689789,1,6,,,,,,,future_data_detected,UNKNOWN_VERSION
454,AAPL,2026-07-21,0.861289,0.3492200211,-0.5120689789,1,6,,,,,,,future_data_detected,UNKNOWN_VERSION
207,ISRG,2026-07-21,0.462832,0.3462509262,-0.1165810738,2,8,,,,,,,both_match,UNKNOWN_VERSION
212,MO,2026-07-21,0.571694,0.4760375,-0.0956565,2,2,-0.018417,-0.034557,-0.023707,-0.088267,-0.018417,,both_match,UNKNOWN_VERSION
323,NVDA,2026-07-21,0.846174,0.3005966412,-0.5455773588,2,11,,,,,,,future_data_detected,UNKNOWN_VERSION
455,NVDA,2026-07-21,0.846174,0.3005966412,-0.5455773588,2,11,,,,,,,future_data_detected,UNKNOWN_VERSION
208,GOOG,2026-07-21,0.448258,0.346600478,-0.101657522,3,7,-0.011518,-0.096857,-0.073508,0.064883,-0.011518,,both_match,UNKNOWN_VERSION
213,FIX,2026-07-21,0.54365,0.3518501479,-0.1917998521,3,5,0.040481,0.069485,0.010653,0.037192,0.040481,,both_match,UNKNOWN_VERSION
324,GOOGL,2026-07-21,0.628977,0.3806457134,-0.2483312866,3,4,,,,,,,future_data_detected,UNKNOWN_VERSION
456,GOOGL,2026-07-21,0.628977,0.3806457134,-0.2483312866,3,4,,,,,,,future_data_detected,UNKNOWN_VERSION
209,MSFT,2026-07-21,0.43069,0.4711735435,0.04048354347,4,3,-0.006674,-0.04972,-0.030993,0.227285,-0.006674,,both_match,UNKNOWN_VERSION
214,ISRG,2026-07-21,0.535531,0.3462509262,-0.1892800738,4,8,0.013365,-0.059886,0.010363,0.042741,0.013365,,both_match,UNKNOWN_VERSION
210,GOOGL,2026-07-21,0.429941,0.3806457134,-0.04929528662,5,4,,,,,,,both_match,UNKNOWN_VERSION
215,ABT,2026-07-21,0.517131,0.5912095103,0.07407851028,5,1,-0.015985,-0.008951,0.027838,0.03738,-0.015985,,both_match,UNKNOWN_VERSION
216,WFC,2026-07-22,0.589309,0.3203481013,-0.2689608987,1,11,-0.018178,-0.008521,-0.013065,0.007385,-0.018178,,both_match,UNKNOWN_VERSION
221,AVGO,2026-07-22,0.547437,0.4275452611,-0.1198917389,1,4,0.012322,-0.022348,-0.028241,0.067095,0.012322,,both_match,UNKNOWN_VERSION
325,AAPL,2026-07-22,0.861289,0.3225666392,-0.5387223608,1,9,,,,,,,future_data_detected,UNKNOWN_VERSION
457,AAPL,2026-07-22,0.861289,0.3225666392,-0.5387223608,1,9,,,,,,,future_data_detected,UNKNOWN_VERSION
217,IR,2026-07-22,0.575247,0.4829777848,-0.09226921519,2,3,0.033399,0.047254,0.070015,0.11331,0.033399,,both_match,UNKNOWN_VERSION
222,AMD,2026-07-22,0.542995,0.5098107358,-0.03318426424,2,1,-0.007199,-0.110338,-0.18283,-0.133526,-0.007199,,both_match,UNKNOWN_VERSION
326,NVDA,2026-07-22,0.846174,0.4960400633,-0.3501339367,2,2,,,,,,,future_data_detected,UNKNOWN_VERSION
458,NVDA,2026-07-22,0.846174,0.4960400633,-0.3501339367,2,2,,,,,,,future_data_detected,UNKNOWN_VERSION
218,GS,2026-07-22,0.559133,0.3729623655,-0.1861706345,3,7,0.014747,-0.031426,-0.045184,-0.020199,0.014747,,both_match,UNKNOWN_VERSION
223,NBIS,2026-07-22,0.529694,0.3777807199,-0.1519132801,3,6,-0.021177,-0.157035,-0.238649,-0.017453,-0.021177,,both_match,UNKNOWN_VERSION
327,GOOGL,2026-07-22,0.628977,,,3,,,,,,,,future_data_detected,UNKNOWN_VERSION
459,GOOGL,2026-07-22,0.628977,,,3,,,,,,,,future_data_detected,UNKNOWN_VERSION
219,UNH,2026-07-22,0.543668,0.3668829114,-0.1767850886,4,8,-0.006667,-0.03815,-0.012471,-0.049412,-0.006667,,both_match,UNKNOWN_VERSION
224,NFLX,2026-07-22,0.525705,0.4045211551,-0.1211838449,4,5,-0.023789,0.002849,0.031197,0.05698,-0.023789,,both_match,UNKNOWN_VERSION
220,EME,2026-07-22,0.542724,0.3223589715,-0.2203650285,5,10,-0.007067,-0.023372,-0.071931,0.081043,-0.007067,,both_match,UNKNOWN_VERSION
225,NVDA,2026-07-22,0.494903,0.4960400633,0.001137063291,5,2,,,,,,,both_match,UNKNOWN_VERSION
328,AAPL,2026-07-23,0.861289,0.3285794854,-0.5327095146,1,2,,,,,,,future_data_detected,UNKNOWN_VERSION
460,AAPL,2026-07-23,0.861289,0.3285794854,-0.5327095146,1,2,,,,,,,future_data_detected,UNKNOWN_VERSION
329,NVDA,2026-07-23,0.846174,0.4938445633,-0.3523294367,2,1,,,,,,,future_data_detected,UNKNOWN_VERSION
461,NVDA,2026-07-23,0.846174,0.4938445633,-0.3523294367,2,1,,,,,,,future_data_detected,UNKNOWN_VERSION
330,GOOGL,2026-07-23,0.628977,,,3,,,,,,,,future_data_detected,UNKNOWN_VERSION
462,GOOGL,2026-07-23,0.628977,,,3,,,,,,,,future_data_detected,UNKNOWN_VERSION
253,IR,2026-07-24,0.937505,0.5248881419,-0.4126168581,1,1,0.006898,0.028782,-0.015818,0.034372,0.006898,,both_match,UNKNOWN_VERSION
331,AAPL,2026-07-24,0.861289,0.5035864696,-0.3577025304,1,2,,,,,,,future_data_detected,UNKNOWN_VERSION
463,AAPL,2026-07-24,0.861289,0.5035864696,-0.3577025304,1,2,,,,,,,future_data_detected,UNKNOWN_VERSION
254,WFC,2026-07-24,0.667351,0.3024244932,-0.3649265068,2,4,0.013236,0.008592,0.003019,0.013004,0.013236,,both_match,UNKNOWN_VERSION
332,NVDA,2026-07-24,0.846174,0.3030363209,-0.5431376791,2,3,,,,,,,future_data_detected,UNKNOWN_VERSION
464,NVDA,2026-07-24,0.846174,0.3030363209,-0.5431376791,2,3,,,,,,,future_data_detected,UNKNOWN_VERSION
255,AAPL,2026-07-24,0.614209,0.5035864696,-0.1106225304,3,2,,,,,,,both_match,UNKNOWN_VERSION
333,GOOGL,2026-07-24,0.628977,,,3,,,,,,,,future_data_detected,UNKNOWN_VERSION
465,GOOGL,2026-07-24,0.628977,,,3,,,,,,,,future_data_detected,UNKNOWN_VERSION
256,MSFT,2026-07-25,0.785575,0.3530230651,-0.4325519349,1,4,,,,,,,both_match,UNKNOWN_VERSION
259,AAPL,2026-07-25,0.88066,0.432476464,-0.448183536,1,3,,,,,,,both_match,UNKNOWN_VERSION
262,IR,2026-07-25,0.795112,0.4984396644,-0.2966723356,1,1,,,,,,,both_match,UNKNOWN_VERSION
466,AAPL,2026-07-25,1.011804,0.432476464,-0.579327536,1,3,,,,,,,both_match,UNKNOWN_VERSION
257,AAPL,2026-07-25,0.776637,0.432476464,-0.344160536,2,3,,,,,,,both_match,UNKNOWN_VERSION
260,IR,2026-07-25,0.826161,0.4984396644,-0.3277213356,2,1,,,,,,,both_match,UNKNOWN_VERSION
263,AAPL,2026-07-25,0.712715,0.432476464,-0.280238536,2,3,,,,,,,both_match,UNKNOWN_VERSION
467,NVDA,2026-07-25,0.944249,0.4734516764,-0.4707973236,2,2,,,,,,,reconstructed,UNKNOWN_VERSION
258,IR,2026-07-25,0.698338,0.4984396644,-0.1998983356,3,1,,,,,,,both_match,UNKNOWN_VERSION
261,NVDA,2026-07-25,0.750877,0.4734516764,-0.2774253236,3,2,,,,,,,reconstructed,UNKNOWN_VERSION
264,NVDA,2026-07-25,0.711295,0.4734516764,-0.2378433236,3,2,,,,,,,reconstructed,UNKNOWN_VERSION
468,IR,2026-07-25,0.896771,0.4984396644,-0.3983313356,3,1,,,,,,,both_match,UNKNOWN_VERSION
469,AAPL,2026-07-27,0.975183,,,1,,,,,,,,future_data_detected,UNKNOWN_VERSION
472,WFC,2026-07-27,0.789856,,,1,,,,,,,,future_data_detected,UNKNOWN_VERSION
470,IR,2026-07-27,0.90364,0.4283307877,-0.4753092123,2,1,,,,,,,future_data_detected,UNKNOWN_VERSION
473,IR,2026-07-27,0.774365,0.4283307877,-0.3460342123,2,1,,,,,,,future_data_detected,UNKNOWN_VERSION
471,MSFT,2026-07-27,0.802615,,,3,,,,,,,,future_data_detected,UNKNOWN_VERSION
474,AAPL,2026-07-27,0.724468,,,3,,,,,,,,future_data_detected,UNKNOWN_VERSION
475,MSFT,2026-07-28,0.875979,0.3723443176,-0.5036346824,1,2,,,,,,,future_data_detected,UNKNOWN_VERSION
476,AAPL,2026-07-28,0.782224,0.4765868784,-0.3056371216,2,1,,,,,,,future_data_detected,UNKNOWN_VERSION
477,META,2026-07-28,0.719207,,,3,,,,,,,,future_data_detected,UNKNOWN_VERSION
478,MSFT,2026-07-29,0.8772,,,1,,,,,,,,future_data_detected,UNKNOWN_VERSION
479,AAPL,2026-07-29,0.773221,0.3399856182,-0.4332353818,2,1,,,,,,,future_data_detected,UNKNOWN_VERSION
480,META,2026-07-29,0.719047,,,3,,,,,,,,future_data_detected,UNKNOWN_VERSION
481,MSFT,2026-07-30,0.872946,0.4979905042,-0.3749554958,1,4,0.151434,0.239976,0.257715,0.250217,0.151434,,both_match,UNKNOWN_VERSION
484,DLR,2026-07-30,1.247172,0.5267555024,-0.7204164976,1,3,-0.011867,0.004768,-0.002125,0.02389,-0.011867,,reconstructed,UNKNOWN_VERSION
482,AAPL,2026-07-30,0.771738,0.593957033,-0.177780967,2,1,-0.119186,-0.098884,-0.090059,-0.110885,-0.119186,,both_match,UNKNOWN_VERSION
485,HII,2026-07-30,1.238725,0.5401869907,-0.6985380093,2,2,0.050419,0.065994,0.061704,0.074903,0.050419,,reconstructed,UNKNOWN_VERSION
483,IR,2026-07-30,0.676849,0.3294426333,-0.3474063667,3,6,-0.024635,0.054455,0.040075,-0.006601,-0.024635,,both_match,UNKNOWN_VERSION
486,FFIV,2026-07-30,1.230158,0.4824992353,-0.7476587647,3,5,0.032983,-0.469475,-0.468419,-0.464649,0.032983,,reconstructed,UNKNOWN_VERSION
487,HII,2026-07-31,1.343095,0.5624916361,-0.7806033639,1,4,0.023182,-0.002715,0.018568,0.022586,0.023182,,reconstructed,UNKNOWN_VERSION
497,MSFT,2026-07-31,1.287642,0.6589426087,-0.6286993913,1,1,,,,,,,reconstructed,UNKNOWN_VERSION
498,MSFT,2026-07-31,1.289872,0.6589426087,-0.6309293913,1,1,,,,,,,reconstructed,UNKNOWN_VERSION
499,MSFT,2026-07-31,1.292635,0.6589426087,-0.6336923913,1,1,0.055885,0.055474,,0.07587,0.055885,,reconstructed,UNKNOWN_VERSION
488,NUE,2026-07-31,1.247788,0.556868891,-0.690919109,2,5,0.012949,0.065131,0.056951,0.055633,0.012949,,reconstructed,UNKNOWN_VERSION
489,BSX,2026-07-31,1.246714,0.5788306047,-0.6678833953,3,2,0.049745,0.034789,0.06882,0.120407,0.049745,,reconstructed,UNKNOWN_VERSION
490,EMR,2026-07-31,1.23449,0.5005912948,-0.7338987052,4,7,0.037347,0.088394,0.060191,0.10005,0.037347,,reconstructed,UNKNOWN_VERSION
491,LH,2026-07-31,1.23428,0.535231058,-0.699048942,5,6,-0.019925,0.000925,0.017534,0.028438,-0.019925,,reconstructed,UNKNOWN_VERSION
492,DLR,2026-07-31,1.231803,,,6,,-0.008838,0.010393,0.004535,0.024129,-0.008838,,db_only,UNKNOWN_VERSION
493,GRMN,2026-07-31,1.224308,0.5760565872,-0.6482514128,7,3,0.039143,0.031608,0.060045,0.063591,0.039143,,reconstructed,UNKNOWN_VERSION
494,FFIV,2026-07-31,1.21453,0.4922289014,-0.7223010986,8,9,-0.478169,-0.471786,-0.486028,0.068447,-0.478169,,reconstructed,UNKNOWN_VERSION
495,RTX,2026-07-31,1.176062,0.4814424613,-0.6946195387,9,10,0.012904,0.039366,0.042732,0.03081,0.012904,,reconstructed,UNKNOWN_VERSION
496,CBRE,2026-07-31,1.173906,0.4997280246,-0.6741779754,10,8,-0.006692,0.011577,-0.008365,0.016463,-0.006692,,reconstructed,UNKNOWN_VERSION
500,MSFT,2026-08-01,1.463505,0.6524133265,-0.8110916735,1,1,,,,,,,reconstructed,UNKNOWN_VERSION
501,HII,2026-08-01,1.415133,0.5668571193,-0.8482758807,2,2,,,,,,,reconstructed,UNKNOWN_VERSION
502,FFIV,2026-08-01,1.311688,0.5357448487,-0.7759431513,3,3,,,,,,,reconstructed,UNKNOWN_VERSION
503,MSFT,2026-08-03,0.891396,0.6611719167,-0.2302240833,1,1,0.060445,0.075615,,0.033633,0.060445,,both_match,UNKNOWN_VERSION
504,HII,2026-08-03,0.875078,0.5983892083,-0.2766887917,2,2,-0.010384,-0.014367,,0.00386,-0.010384,,both_match,UNKNOWN_VERSION
505,AMZN,2026-08-03,0.772547,0.5728335,-0.1997135,3,3,0.021504,0.002504,,-0.032882,0.021504,,both_match,UNKNOWN_VERSION
506,NBIS,2026-08-15,0.701971,0.6811887083,-0.02078229167,1,1,,,,,,,both_match,LEGACY_VERSION
507,NTAP,2026-08-15,0.691287,0.455741125,-0.235545875,2,3,,,,,,,both_match,LEGACY_VERSION
508,LITE,2026-08-15,0.662469,0.5395177917,-0.1229512083,3,2,,,,,,,both_match,LEGACY_VERSION
509,ADI,2026-08-18,0.42055,0.4816666667,0.06111666667,1,1,-0.04361,-0.051348,,-0.091627,-0.04361,,both_match,CURRENT_VERSION
510,FOX,2026-08-18,0.391485,0.4708333333,0.07934833333,2,2,-0.017889,-0.016913,,-0.040007,-0.017889,,both_match,CURRENT_VERSION
511,BIIB,2026-08-18,0.369538,0.43375,0.064212,3,3,0.059335,0.024863,,0.032943,0.059335,,both_match,CURRENT_VERSION
512,WTW,2026-08-21,0.340705,0.5641666667,0.2234616667,1,1,0.02814,0.01662,,0.002667,0.02814,,both_match,CURRENT_VERSION
513,SOLV,2026-08-21,0.338596,0.52875,0.190154,2,2,0.029793,0.033856,,0.043223,0.029793,,both_match,CURRENT_VERSION
514,RVTY,2026-08-21,0.335645,0.4933333333,0.1576883333,3,3,-0.009103,0.00572,,0.052364,-0.009103,,both_match,CURRENT_VERSION
515,TGT,2026-08-27,0.681275,0.6017425,-0.0795325,1,2,0.011522,-0.001768,,,0.011522,,both_match,CURRENT_VERSION
516,TRGP,2026-08-27,0.677728,0.527145625,-0.150582375,2,3,-0.017277,0.006904,,,-0.017277,,both_match,CURRENT_VERSION
517,MSTR,2026-08-27,0.652226,0.609375,-0.042851,3,1,0.11535,0.013719,,,0.11535,,both_match,CURRENT_VERSION
